fileName,date,github_url,status,stars,language,lastCommitDate,latestVersion,lastReleaseDate,error
actiona.ts,2026-03-23,https://github.com/Jmgr/actiona,success,669,C++,2026-03-22T09:50:01Z,v3.11.1,2025-04-13T21:13:29Z,
activepieces.ts,2026-03-23,https://github.com/activepieces/activepieces,success,21375,TypeScript,2026-03-23T08:10:29Z,0.79.3,2026-03-12T14:08:22Z,
adopt-ai.ts,2026-03-23,,no_repo,,,,,,
agent-llm.ts,2026-03-23,https://github.com/Josh-XT/Agent-LLM,success,3166,Python,2026-03-21T19:41:24Z,v1.9.1,2026-03-09T13:31:37Z,
agent-protocol.ts,2026-03-23,https://github.com/AI-Engineers-Foundation/agent-protocol,success,1455,Python,2025-04-08T06:10:21Z,js-sdk-v1.0.5,2024-04-02T18:06:10Z,
agent-s.ts,2026-03-23,https://github.com/simular-ai/agent-s,success,10515,Python,2026-02-21T06:09:49Z,v0.3.2,2025-12-16T17:38:14Z,
agentevals.ts,2026-03-23,https://github.com/langchain-ai/agent-evals,success,15,Python,2024-12-04T16:03:34Z,,,
agentgpt.ts,2026-03-23,https://github.com/reworkd/AgentGPT,success,35869,TypeScript,2025-04-29T01:19:32Z,v.1.0.0,2023-11-02T00:14:25Z,
agently.ts,2026-03-23,https://github.com/Maplemx/Agently,success,1,Python,2026-03-19T00:31:20Z,,,
agents-thudm.ts,2026-03-23,,no_repo,,,,,,
agentscope.ts,2026-03-23,https://github.com/modelscope/agentscope,success,18670,Python,2026-03-23T08:08:56Z,v1.0.17,2026-03-13T08:27:32Z,
agentsflex.ts,2026-03-23,https://github.com/agents-flex/agents-flex,success,1335,Java,2026-03-18T06:29:36Z,v2.0.5,2026-03-18T06:30:28Z,
agenttuning.ts,2026-03-23,https://github.com/THUDM/AgentTuning,success,1484,Python,2023-10-31T15:34:43Z,,,
agentverse.ts,2026-03-23,https://github.com/openbmb/agentverse,success,4972,JavaScript,2024-09-09T05:47:44Z,v0.1.8.1,2023-10-27T14:18:53Z,
aider.ts,2026-03-23,https://github.com/paul-gauthier/aider,success,42269,Python,2026-03-17T01:21:34Z,v0.86.0,2025-08-09T17:42:19Z,
andi.ts,2026-03-23,,no_repo,,,,,,
anthropic-computer-use.ts,2026-03-23,,no_repo,,,,,,
anythingllm.ts,2026-03-23,https://github.com/Mintplex-Labs/anything-llm,success,56609,JavaScript,2026-03-21T04:02:30Z,v1.11.2,2026-03-18T16:57:50Z,
arc-search.ts,2026-03-23,,no_repo,,,,,,
arkclaw.ts,2026-03-23,,no_repo,,,,,,
askcodi.ts,2026-03-23,,no_repo,,,,,,
autogen-studio.ts,2026-03-23,https://github.com/microsoft/autogen,success,56053,Python,2026-03-21T10:57:12Z,python-v0.7.5,2025-09-30T06:18:26Z,
autogen.ts,2026-03-23,https://github.com/microsoft/autogen,success,56053,Python,2026-03-21T10:57:12Z,python-v0.7.5,2025-09-30T06:18:26Z,
autoglm.ts,2026-03-23,,no_repo,,,,,,
autogluon.ts,2026-03-23,https://github.com/autogluon/autogluon,success,10138,Python,2026-03-18T00:11:52Z,v1.5.0,2025-12-19T19:55:33Z,
autogpt.ts,2026-03-23,https://github.com/Significant-Gravitas/AutoGPT,success,182737,Python,2026-03-23T08:05:23Z,autogpt-platform-beta-v0.6.52,2026-03-20T04:00:40Z,
autohotkey.ts,2026-03-23,https://github.com/AutoHotkey/AutoHotkey,success,12114,C++,2026-03-22T11:10:25Z,v2.0.22,2026-03-21T21:34:03Z,
automation-anywhere.ts,2026-03-23,,no_repo,,,,,,
awesome-openclaw.ts,2026-03-23,https://github.com/SamurAIGPT/awesome-openclaw,success,817,,2026-03-22T03:41:53Z,,,
azureclaw.ts,2026-03-23,,no_repo,,,,,,
babyagi.ts,2026-03-23,https://github.com/yoheinakajima/babyagi,success,22205,Python,2026-01-31T05:05:45Z,,,
baichuanclaw.ts,2026-03-23,,no_repo,,,,,,
baidu-comate-agent.ts,2026-03-23,,no_repo,,,,,,
bardeen.ts,2026-03-23,,no_repo,,,,,,
bedrockclaw.ts,2026-03-23,,no_repo,,,,,,
bito.ts,2026-03-23,,no_repo,,,,,,
blue-prism.ts,2026-03-23,,no_repo,,,,,,
brave-leo.ts,2026-03-23,,no_repo,,,,,,
browseruse.ts,2026-03-23,https://github.com/gregpr07/browser-use,success,82987,Python,2026-03-22T21:21:40Z,,,
camel.ts,2026-03-23,https://github.com/camel-ai/camel,success,16460,Python,2026-03-22T09:28:04Z,v0.2.90,2026-03-22T08:37:36Z,
character-ai.ts,2026-03-23,,no_repo,,,,,,
chatgpt.ts,2026-03-23,,no_repo,,,,,,
claude-ai.ts,2026-03-23,,no_repo,,,,,,
claw-dashboard.ts,2026-03-23,https://github.com/spleck/claw-dashboard,success,112,JavaScript,2026-03-16T09:47:07Z,,,
claw-monitor.ts,2026-03-23,https://github.com/DanWahlin/claw-monitor,success,68,TypeScript,2026-03-13T19:29:38Z,,,
claw0.ts,2026-03-23,https://github.com/shareAI-lab/claw0,success,1260,Python,2026-03-18T10:58:44Z,,,
clawai.ts,2026-03-23,,no_repo,,,,,,
clawapi.ts,2026-03-23,https://github.com/Gogo6969/clawapi,success,29,Swift,2026-03-11T00:59:35Z,v1.10.0,2026-03-11T00:50:41Z,
clawbot.ts,2026-03-23,https://github.com/xianyu110/clawbot,success,868,,2026-02-13T14:08:02Z,,,
clawbridge.ts,2026-03-23,https://github.com/dreamwing/clawbridge,success,208,JavaScript,2026-03-18T17:23:55Z,v1.2.3,2026-03-18T16:35:04Z,
clawcache.ts,2026-03-23,https://github.com/AbYousef739/clawcache-free,success,21,Python,2026-02-16T20:17:02Z,,,
clawcs.ts,2026-03-23,https://github.com/clawdotnet/openclaw.net,success,155,C#,2026-03-19T04:54:35Z,,,
clawdata.ts,2026-03-23,https://github.com/clawdata/clawdata,success,26,TypeScript,2026-03-08T22:38:51Z,,,
clawdocs.ts,2026-03-23,https://github.com/clawdocs/clawdocs,success,1,TypeScript,2026-02-10T22:23:40Z,,,
clawflows.ts,2026-03-23,https://github.com/Cluka-399/clawflows-registry,success,12,HTML,2026-03-09T09:27:15Z,,,
clawgo.ts,2026-03-23,https://github.com/openclaw/clawgo,success,72,Go,2026-01-05T10:44:42Z,,,
clawhub.ts,2026-03-23,https://github.com/openclaw/clawhub,success,6666,TypeScript,2026-03-23T09:07:13Z,v0.1.0,2026-01-07T19:07:32Z,
clawjava.ts,2026-03-23,https://github.com/jobrunr/javaclaw,success,187,Java,2026-03-23T08:01:01Z,,,
clawjs.ts,2026-03-23,,no_repo,,,,,,
clawlite.ts,2026-03-23,https://github.com/eobarretooo/ClawLite,success,31,Python,2026-03-23T09:04:59Z,,,
clawmetry.ts,2026-03-23,https://github.com/vivekchand/clawmetry,success,183,Python,2026-03-23T09:13:05Z,v0.12.72,2026-03-22T22:59:04Z,
clawml.ts,2026-03-23,https://github.com/openclaw/openclaw,success,331120,TypeScript,2026-03-23T09:13:41Z,v2026.3.13-1,2026-03-14T18:04:28Z,
clawops.ts,2026-03-23,,no_repo,,,,,,
clawpro.ts,2026-03-23,,no_repo,,,,,,
clawrs.ts,2026-03-23,,no_repo,,,,,,
clawsec.ts,2026-03-23,https://github.com/prompt-security/clawsec,success,825,JavaScript,2026-03-23T06:23:27Z,clawsec-scanner-v0.0.2,2026-03-10T17:28:38Z,
clawsecure.ts,2026-03-23,https://github.com/ClawSecure/clawsecure-openclaw-security,success,17,,2026-02-27T04:27:48Z,,,
clawsio.ts,2026-03-23,,no_repo,,,,,,
clawstudio.ts,2026-03-23,,no_repo,,,,,,
clawsync.ts,2026-03-23,https://github.com/waynesutton/clawsync,success,58,TypeScript,2026-02-11T06:41:54Z,,,
clawtrace.ts,2026-03-23,https://github.com/DosukaSOL/clawtrace,success,2,JavaScript,2026-02-21T21:33:10Z,,,
clawwork.ts,2026-03-23,https://github.com/HKUDS/ClawWork,success,7524,Python,2026-03-03T15:32:37Z,,,
cline.ts,2026-03-23,https://github.com/cline/cline,success,59257,TypeScript,2026-03-22T22:20:59Z,v3.75.0,2026-03-20T23:27:16Z,
cloudflareclaw.ts,2026-03-23,,no_repo,,,,,,
codacy.ts,2026-03-23,,no_repo,,,,,,
codegeex.ts,2026-03-23,https://github.com/THUDM/CodeGeeX2,success,7596,Python,2024-07-10T12:34:55Z,,,
codellama.ts,2026-03-23,https://github.com/facebookresearch/codellama,no_data,,,,,,
codesandbox-ai.ts,2026-03-23,,no_repo,,,,,,
cognosys.ts,2026-03-23,,no_repo,,,,,,
computeruse.ts,2026-03-23,,no_repo,,,,,,
continuedev.ts,2026-03-23,https://github.com/continuedev/continue,no_data,,,,,,
copaw.ts,2026-03-23,,no_repo,,,,,,
copilot.ts,2026-03-23,,no_repo,,,,,,
copilotcli.ts,2026-03-23,https://github.com/github/copilot-cli,no_data,,,,,,
coze.ts,2026-03-23,,no_repo,,,,,,
crewai.ts,2026-03-23,https://github.com/crewAIInc/crewAI,no_data,,,,,,
cursor-agent.ts,2026-03-23,,no_repo,,,,,,
danswer.ts,2026-03-23,https://github.com/danswer-ai/danswer,no_data,,,,,,
databricks.ts,2026-03-23,https://github.com/databricks,no_repo,,,,,,
deepseekcoder.ts,2026-03-23,https://github.com/deepseek-ai/DeepSeek-Coder,no_data,,,,,,
devin.ts,2026-03-23,,no_repo,,,,,,
devon.ts,2026-03-23,https://github.com/entropy-research/Devon,no_data,,,,,,
dify.ts,2026-03-23,https://github.com/langgenius/dify,no_data,,,,,,
digitaloceanclaw.ts,2026-03-23,,no_repo,,,,,,
dobaoclaw.ts,2026-03-23,,no_repo,,,,,,
fastgpt.ts,2026-03-23,https://github.com/labring/FastGPT,no_data,,,,,,
fauxpilot.ts,2026-03-23,https://github.com/fauxpilot/fauxpilot,no_data,,,,,,
flowise.ts,2026-03-23,https://github.com/FlowiseAI/Flowise,no_data,,,,,,
flyclaw.ts,2026-03-23,,no_repo,,,,,,
gcpclaw.ts,2026-03-23,,no_repo,,,,,,
gemini.ts,2026-03-23,,no_repo,,,,,,
github-copilot-workspace.ts,2026-03-23,,no_repo,,,,,,
glmclaw.ts,2026-03-23,,no_repo,,,,,,
gpt-engineer.ts,2026-03-23,https://github.com/gpt-engineer-org/gpt-engineer,no_data,,,,,,
gpt-researcher.ts,2026-03-23,https://github.com/assafelovic/gpt-researcher,no_data,,,,,,
gpt4all.ts,2026-03-23,https://github.com/nomic-ai/gpt4all,no_data,,,,,,
gpt4free.ts,2026-03-23,https://github.com/xtekky/gpt4free,no_data,,,,,,
guiagent.ts,2026-03-23,https://github.com/showlab/Awesome-GUI-Agent,no_data,,,,,,
gumloop.ts,2026-03-23,,no_repo,,,,,,
haystack.ts,2026-03-23,https://github.com/deepset-ai/haystack,no_data,,,,,,
herokuclaw.ts,2026-03-23,,no_repo,,,,,,
hiveclaw.ts,2026-03-23,,no_repo,,,,,,
hunyuanclaw.ts,2026-03-23,,no_repo,,,,,,
ibmclaw.ts,2026-03-23,,no_repo,,,,,,
ifttt.ts,2026-03-23,,no_repo,,,,,,
instructcode.ts,2026-03-23,https://github.com/instructlab/instructcode,no_data,,,,,,
ironclaw.ts,2026-03-23,https://github.com/nearai/ironclaw,no_data,,,,,,
jan.ts,2026-03-23,https://github.com/janhq/jan,no_data,,,,,,
jetbrains-ai.ts,2026-03-23,,no_repo,,,,,,
khoj.ts,2026-03-23,https://github.com/khoj-ai/khoj,no_data,,,,,,
kimiclaw.ts,2026-03-23,,no_repo,,,,,,
komo.ts,2026-03-23,,no_repo,,,,,,
langchain.ts,2026-03-23,https://github.com/langchain-ai/langchain,no_data,,,,,,
langflow.ts,2026-03-23,https://github.com/langflow-ai/langflow,no_data,,,,,,
langgraph.ts,2026-03-23,https://github.com/langchain-ai/langgraph,no_data,,,,,,
langserve.ts,2026-03-23,https://github.com/langchain-ai/langserve,no_data,,,,,,
librechat.ts,2026-03-23,https://github.com/danny-avila/LibreChat,no_data,,,,,,
llamaindex.ts,2026-03-23,https://github.com/run-llama/llama_index,no_data,,,,,,
localgpt.ts,2026-03-23,https://github.com/PromtEngineer/localGPT,no_data,,,,,,
magical.ts,2026-03-23,,no_repo,,,,,,
make.ts,2026-03-23,,no_repo,,,,,,
manus.ts,2026-03-23,,no_repo,,,,,,
maxclaw.ts,2026-03-23,,no_repo,,,,,,
maxkb.ts,2026-03-23,https://github.com/1Panel-dev/MaxKB,no_data,,,,,,
memgpt.ts,2026-03-23,https://github.com/cpacker/memgpt,no_data,,,,,,
metagpt.ts,2026-03-23,https://github.com/geekan/MetaGPT,no_data,,,,,,
microclaw.ts,2026-03-23,https://github.com/microclaw/microclaw,no_data,,,,,,
miniage.ts,2026-03-23,https://github.com/teremterem/MiniAgents,no_data,,,,,,
miniclaw.ts,2026-03-23,https://github.com/memovai/mimiclaw,no_data,,,,,,
mintlify.ts,2026-03-23,,no_repo,,,,,,
modelartsclaw.ts,2026-03-23,,no_repo,,,,,,
moltis.ts,2026-03-23,https://github.com/moltis-org/moltis,no_data,,,,,,
moltworker.ts,2026-03-23,https://github.com/cloudflare/moltworker,no_data,,,,,,
mongodbclaw.ts,2026-03-23,,no_repo,,,,,,
multion.ts,2026-03-23,,no_repo,,,,,,
mutable-ai.ts,2026-03-23,,no_repo,,,,,,
n8n.ts,2026-03-23,https://github.com/n8n-io/n8n,no_data,,,,,,
nanobot.ts,2026-03-23,https://github.com/HKUDS/nanobot,no_data,,,,,,
nanoclaw.ts,2026-03-23,https://github.com/qwibitai/nanoclaw,no_data,,,,,,
nullclaw.ts,2026-03-23,https://github.com/nullclaw/nullclaw,no_data,,,,,,
nutjs.ts,2026-03-23,https://github.com/nut-tree/nut.js,no_data,,,,,,
ollama.ts,2026-03-23,https://github.com/ollama/ollama,no_data,,,,,,
omniparser.ts,2026-03-23,https://github.com/microsoft/OmniParser,no_data,,,,,,
openadapt.ts,2026-03-23,https://github.com/OpenAdaptAI/OpenAdapt,no_data,,,,,,
openassistant.ts,2026-03-23,https://github.com/LAION-AI/Open-Assistant,no_data,,,,,,
openclaw-config.ts,2026-03-23,https://github.com/TechNickAI/openclaw-config,no_data,,,,,,
openclaw-skills.ts,2026-03-23,https://github.com/openclaw/skills,no_data,,,,,,
openclaw.ts,2026-03-23,https://github.com/openclaw/openclaw,no_data,,,,,,
openfang.ts,2026-03-23,https://github.com/RightNow-AI/openfang,no_data,,,,,,
openhands.ts,2026-03-23,https://github.com/All-Hands-AI/OpenHands,no_data,,,,,,
openinterpreter.ts,2026-03-23,https://github.com/openinterpreter/open-interpreter,no_data,,,,,,
openrpa.ts,2026-03-23,https://github.com/open-rpa/openrpa,no_data,,,,,,
openwebui.ts,2026-03-23,https://github.com/open-webui/open-webui,no_data,,,,,,
oracleclaw.ts,2026-03-23,,no_repo,,,,,,
panguclaw.ts,2026-03-23,,no_repo,,,,,,
pearai.ts,2026-03-23,https://github.com/trypear/pearai-master,no_data,,,,,,
perplexica.ts,2026-03-23,https://github.com/ItzCrazyKns/Perplexica,no_data,,,,,,
perplexity.ts,2026-03-23,,no_repo,,,,,,
pgclaw.ts,2026-03-23,https://github.com/calebwin/pgclaw,no_data,,,,,,
phidata.ts,2026-03-23,https://github.com/phidatahq/phidata,no_data,,,,,,
phind.ts,2026-03-23,,no_repo,,,,,,
pi.ts,2026-03-23,,no_repo,,,,,,
picoclaw.ts,2026-03-23,https://github.com/sipeed/picoclaw,no_data,,,,,,
pieces.ts,2026-03-23,,no_repo,,,,,,
pinchchat.ts,2026-03-23,https://github.com/MarlBurroW/pinchchat,no_data,,,,,,
pipedream.ts,2026-03-23,https://github.com/PipedreamHQ/pipedream,no_data,,,,,,
plandex.ts,2026-03-23,https://github.com/plandex-ai/plandex,no_data,,,,,,
playwright.ts,2026-03-23,https://github.com/microsoft/playwright,no_data,,,,,,
poe.ts,2026-03-23,,no_repo,,,,,,
power-automate.ts,2026-03-23,,no_repo,,,,,,
praisonai.ts,2026-03-23,https://github.com/mervinpraison/PraisonAI,no_data,,,,,,
privategpt.ts,2026-03-23,https://github.com/zylon-ai/private-gpt,no_data,,,,,,
puppeteer.ts,2026-03-23,https://github.com/puppeteer/puppeteer,no_data,,,,,,
pyautogui.ts,2026-03-23,https://github.com/asweigart/pyautogui,no_data,,,,,,
pyclaw.ts,2026-03-23,,no_repo,,,,,,
qianfanclaw.ts,2026-03-23,,no_repo,,,,,,
qwen-agent.ts,2026-03-23,https://github.com/QwenLM/Qwen-Agent,no_data,,,,,,
railwayclaw.ts,2026-03-23,,no_repo,,,,,,
refact.ts,2026-03-23,https://github.com/smallcloudai/refact,no_data,,,,,,
renderclaw.ts,2026-03-23,,no_repo,,,,,,
replit-agent.ts,2026-03-23,,no_repo,,,,,,
robocorp.ts,2026-03-23,https://github.com/robocorp/rcc,no_data,,,,,,
robotframework.ts,2026-03-23,https://github.com/robotframework/robotframework,no_data,,,,,,
robotgo.ts,2026-03-23,https://github.com/go-vgo/robotgo,no_data,,,,,,
roocode.ts,2026-03-23,https://github.com/RooVetGit/Roo-Cline,no_data,,,,,,
rpapython.ts,2026-03-23,https://github.com/tebelorg/RPA-Python,no_data,,,,,,
rylena-awesome-openclaw.ts,2026-03-23,https://github.com/rylena/awesome-openclaw,no_data,,,,,,
salesforceclaw.ts,2026-03-23,,no_repo,,,,,,
sapclaw.ts,2026-03-23,,no_repo,,,,,,
screenpilot.ts,2026-03-23,https://github.com/Mtehabsim/ScreenPilot,no_data,,,,,,
sdkwork-claw-studio.ts,2026-03-23,https://github.com/Sdkwork-Cloud/claw-studio,no_data,,,,,,
seeact.ts,2026-03-23,https://github.com/OSU-NLP-Group/SeeAct,no_data,,,,,,
selenium.ts,2026-03-23,https://github.com/SeleniumHQ/selenium,no_data,,,,,,
semantic-kernel.ts,2026-03-23,https://github.com/microsoft/semantic-kernel,no_data,,,,,,
sensechatclaw.ts,2026-03-23,,no_repo,,,,,,
servicenowclaw.ts,2026-03-23,,no_repo,,,,,,
shengsuclaw.ts,2026-03-23,,no_repo,,,,,,
sikulix.ts,2026-03-23,https://github.com/RaiMan/SikuliX1,no_data,,,,,,
skyvern.ts,2026-03-23,https://github.com/Skyvern-AI/skyvern,no_data,,,,,,
smoldeveloper.ts,2026-03-23,https://github.com/smol-ai/developer,no_data,,,,,,
snowflakeclaw.ts,2026-03-23,,no_repo,,,,,,
sourcegraph-cody.ts,2026-03-23,,no_repo,,,,,,
sparkclaw.ts,2026-03-23,,no_repo,,,,,,
stackblitz.ts,2026-03-23,,no_repo,,,,,,
stagehand.ts,2026-03-23,https://github.com/Browserbase/stagehand,no_data,,,,,,
starcoder.ts,2026-03-23,https://github.com/bigcode-project/starcoder,no_data,,,,,,
stepclaw.ts,2026-03-23,,no_repo,,,,,,
supabaseclaw.ts,2026-03-23,,no_repo,,,,,,
superagi.ts,2026-03-23,https://github.com/TransformerOptimus/SuperAGI,no_data,,,,,,
swarm.ts,2026-03-23,https://github.com/openai/swarm,no_data,,,,,,
sweep.ts,2026-03-23,https://github.com/sweepai/sweep,no_data,,,,,,
tabby.ts,2026-03-23,https://github.com/TabbyML/tabby,no_data,,,,,,
tagui.ts,2026-03-23,https://github.com/aisingapore/TagUI,no_data,,,,,,
taskweaver.ts,2026-03-23,https://github.com/microsoft/TaskWeaver,no_data,,,,,,
ticlaw.ts,2026-03-23,,no_repo,,,,,,
tongyiclaw.ts,2026-03-23,,no_repo,,,,,,
tray.ts,2026-03-23,,no_repo,,,,,,
trustclaw.ts,2026-03-23,,no_repo,,,,,,
uagents.ts,2026-03-23,https://github.com/fetchai/uAgents,no_data,,,,,,
ufo.ts,2026-03-23,https://github.com/microsoft/UFO,no_data,,,,,,
uipath.ts,2026-03-23,,no_repo,,,,,,
uivision.ts,2026-03-23,https://github.com/A9T9/RPA,no_data,,,,,,
v0.ts,2026-03-23,,no_repo,,,,,,
vercelclaw.ts,2026-03-23,,no_repo,,,,,,
wenxinclaw.ts,2026-03-23,,no_repo,,,,,,
windsurf.ts,2026-03-23,,no_repo,,,,,,
wizardcoder.ts,2026-03-23,https://github.com/nlpxucan/WizardLM,no_data,,,,,,
workato.ts,2026-03-23,,no_repo,,,,,,
workdayclaw.ts,2026-03-23,,no_repo,,,,,,
xarm.ts,2026-03-23,https://github.com/xArm-Developer/xArm-CPLUS-SDK,no_data,,,,,,
xinghuoclaw.ts,2026-03-23,,no_repo,,,,,,
yanxiclaw.ts,2026-03-23,,no_repo,,,,,,
youcom.ts,2026-03-23,,no_repo,,,,,,
zapier-central.ts,2026-03-23,,no_repo,,,,,,
zapier.ts,2026-03-23,,no_repo,,,,,,
zeroclaw.ts,2026-03-23,https://github.com/zeroclaw-labs/zeroclaw,no_data,,,,,,