File,URL,Status,StatusCode,CheckedAt
activepieces.ts,"https://activepieces.com",OK,"200",2026-03-23T03:48:18.894Z
actiona.ts,"https://github.com/Jmgr/actiona",OK,"200",2026-03-23T03:48:19.121Z
activepieces.ts,"https://github.com/activepieces/activepieces",OK,"200",2026-03-23T03:48:19.122Z
agentscope.ts,"https://modelscope.cn",OK,"200",2026-03-23T03:48:19.327Z
agentscope.ts,"https://agentscope.io",OK,"200",2026-03-23T03:48:19.332Z
agentsflex.ts,"https://agentsflex.com",OK,"200",2026-03-23T03:48:19.334Z
azureclaw.ts,"https://azureclaw.azure.com",ERROR,"ECONNRESET",2026-03-23T03:48:19.429Z
autoglm.ts,"https://open.bigmodel.cn/dev/howuse/agent",OK,"200",2026-03-23T03:48:19.434Z
agent-protocol.ts,"https://docs.agentprotocol.ai",ERROR,"ECONNRESET",2026-03-23T03:48:19.532Z
baichuanclaw.ts,"https://platform.baichuan-ai.com/docs/baichuanclaw",OK,"200",2026-03-23T03:48:19.615Z
agent-s.ts,"https://github.com/simular-ai/agent-s",OK,"200",2026-03-23T03:48:19.630Z
baidu-comate-agent.ts,"https://comate.baidu.com",OK,"200",2026-03-23T03:48:19.633Z
agent-s.ts,"https://github.com/simular-ai/agent-s#readme",OK,"200",2026-03-23T03:48:19.633Z
baidu-comate-agent.ts,"https://comate.baidu.com/zh/help",ERROR,"404",2026-03-23T03:48:19.637Z
anythingllm.ts,"https://docs.anythingllm.com",OK,"200",2026-03-23T03:48:19.700Z
anthropic-computer-use.ts,"https://www.anthropic.com",OK,"200",2026-03-23T03:48:19.701Z
agentgpt.ts,"https://agentgpt.reworkd.ai",OK,"200",2026-03-23T03:48:19.735Z
anythingllm.ts,"https://anythingllm.com",OK,"200",2026-03-23T03:48:19.798Z
autohotkey.ts,"https://www.autohotkey.com",ERROR,"403",2026-03-23T03:48:19.805Z
askcodi.ts,"https://askcodi.com",OK,"200",2026-03-23T03:48:19.808Z
agent-llm.ts,"https://github.com/Josh-XT/Agent-LLM",OK,"200",2026-03-23T03:48:19.823Z
aider.ts,"https://aider.chat",OK,"200",2026-03-23T03:48:19.901Z
autogen.ts,"https://microsoft.github.io/autogen/",OK,"200",2026-03-23T03:48:19.902Z
autogluon.ts,"https://autogluon.readthedocs.io",ERROR,"404",2026-03-23T03:48:19.960Z
autohotkey.ts,"https://www.autohotkey.com/docs",ERROR,"403",2026-03-23T03:48:19.967Z
arc-search.ts,"https://arc.net/search",OK,"200",2026-03-23T03:48:19.999Z
agenttuning.ts,"https://github.com/THUDM/AgentTuning",OK,"200",2026-03-23T03:48:20.101Z
agent-protocol.ts,"https://github.com/AI-Engineers-Foundation/agent-protocol",OK,"200",2026-03-23T03:48:20.101Z
anythingllm.ts,"https://github.com/Mintplex-Labs/anything-llm",OK,"200",2026-03-23T03:48:20.104Z
agentverse.ts,"https://github.com/openbmb/agentverse",OK,"200",2026-03-23T03:48:20.133Z
codegeex.ts,"https://codegeex.cn",OK,"200",2026-03-23T03:48:20.135Z
bito.ts,"https://docs.bito.ai",OK,"200",2026-03-23T03:48:20.144Z
agentgpt.ts,"https://github.com/reworkd/AgentGPT",OK,"200",2026-03-23T03:48:20.147Z
codegeex.ts,"https://codegeex.cn/docs",ERROR,"404",2026-03-23T03:48:20.167Z
copaw.ts,"https://copaw.aliyun.com",ERROR,"ECONNRESET",2026-03-23T03:48:20.175Z
agentsflex.ts,"https://github.com/agents-flex/agents-flex",OK,"200",2026-03-23T03:48:20.200Z
qianfanclaw.ts,"https://qianfanclaw.baidu.com",ERROR,"ECONNRESET",2026-03-23T03:48:20.207Z
character-ai.ts,"https://character.ai",ERROR,"403",2026-03-23T03:48:20.247Z
copilot.ts,"https://copilot.microsoft.com",ERROR,"ECONNRESET",2026-03-23T03:48:20.278Z
wenxinclaw.ts,"https://wenxinclaw.baidu.com",ERROR,"ECONNRESET",2026-03-23T03:48:20.294Z
autohotkey.ts,"https://github.com/AutoHotkey/AutoHotkey",OK,"200",2026-03-23T03:48:20.299Z
autogluon.ts,"https://github.com/autogluon/autogluon",OK,"200",2026-03-23T03:48:20.303Z
autogen-studio.ts,"https://github.com/microsoft/autogen",OK,"200",2026-03-23T03:48:20.303Z
autogpt.ts,"https://github.com/Significant-Gravitas/AutoGPT",OK,"200",2026-03-23T03:48:20.306Z
agentsflex.ts,"https://agentsflex.com/docs",ERROR,"404",2026-03-23T03:48:20.350Z
copaw.ts,"https://help.aliyun.com/copaw",OK,"200",2026-03-23T03:48:20.381Z
aider.ts,"https://aider.chat/docs",OK,"200",2026-03-23T03:48:20.410Z
browseruse.ts,"https://docs.browseruse.com",ERROR,"ERR_SSL_TLSV1_UNRECOGNIZED_NAME",2026-03-23T03:48:20.407Z
chatgpt.ts,"https://chatgpt.com",OK,"200",2026-03-23T03:48:20.469Z
clawai.ts,"https://openclaw.ai",OK,"200",2026-03-23T03:48:20.475Z
bedrockclaw.ts,"https://docs.aws.amazon.com/bedrockclaw",ERROR,"404",2026-03-23T03:48:20.475Z
autoglm.ts,"https://www.zhipuai.cn",OK,"200",2026-03-23T03:48:20.486Z
autogpt.ts,"https://autogpt.net",OK,"200",2026-03-23T03:48:20.503Z
cloudflareclaw.ts,"https://developers.cloudflare.com/cloudflareclaw",ERROR,"404",2026-03-23T03:48:20.506Z
clawgo.ts,"https://docs.openclaw.org/clawgo",ERROR,"404",2026-03-23T03:48:20.536Z
browseruse.ts,"https://browseruse.com",OK,"200",2026-03-23T03:48:20.536Z
agents-thudm.ts,"https://agents.thudm.ai",ERROR,"ECONNRESET",2026-03-23T03:48:20.539Z
coze.ts,"https://www.coze.cn",OK,"200",2026-03-23T03:48:20.583Z
coze.ts,"https://www.coze.cn/open/docs/developer_guides/welcome",OK,"200",2026-03-23T03:48:20.601Z
clawbot.ts,"https://github.com/xianyu110/clawbot",OK,"200",2026-03-23T03:48:20.605Z
clawbot.ts,"https://github.com/xianyu110/clawbot#readme",OK,"200",2026-03-23T03:48:20.607Z
camel.ts,"https://github.com/camel-ai/camel",OK,"200",2026-03-23T03:48:20.607Z
agents-thudm.ts,"https://docs.agents.thudm.ai",ERROR,"ECONNRESET",2026-03-23T03:48:20.638Z
askcodi.ts,"https://docs.askcodi.com",ERROR,"ECONNRESET",2026-03-23T03:48:20.645Z
clawbridge.ts,"https://github.com/dreamwing/clawbridge",OK,"200",2026-03-23T03:48:20.698Z
clawbridge.ts,"https://github.com/dreamwing/clawbridge#readme",OK,"200",2026-03-23T03:48:20.699Z
autogen-studio.ts,"https://microsoft.github.io/autogen",OK,"200",2026-03-23T03:48:20.701Z
arkclaw.ts,"https://arkclaw.volcengine.com",ERROR,"ECONNRESET",2026-03-23T03:48:20.701Z
clawdata.ts,"https://github.com/clawdata/clawdata#readme",OK,"200",2026-03-23T03:48:20.733Z
cognosys.ts,"https://cognosys.ai",ERROR,"402",2026-03-23T03:48:20.734Z
arkclaw.ts,"https://docs.volcengine.com/arkclaw",ERROR,"ECONNRESET",2026-03-23T03:48:20.743Z
cline.ts,"https://docs.cline.ai",ERROR,"404",2026-03-23T03:48:20.764Z
clawdata.ts,"https://github.com/clawdata/clawdata",OK,"200",2026-03-23T03:48:20.794Z
bito.ts,"https://bito.ai",OK,"200",2026-03-23T03:48:20.797Z
clawcs.ts,"https://github.com/clawdotnet/openclaw.net#readme",OK,"200",2026-03-23T03:48:20.799Z
clawapi.ts,"https://github.com/openclaw/openclaw",OK,"200",2026-03-23T03:48:20.802Z
brave-leo.ts,"https://brave.com/leo",OK,"200",2026-03-23T03:48:20.806Z
clawcs.ts,"https://github.com/clawdotnet/openclaw.net",OK,"200",2026-03-23T03:48:20.838Z
autogluon.ts,"https://autogluon.aws",ERROR,"ECONNRESET",2026-03-23T03:48:20.838Z
clawapi.ts,"https://github.com/openclaw/openclaw#readme",OK,"200",2026-03-23T03:48:20.838Z
browseruse.ts,"https://github.com/gregpr07/browser-use",OK,"200",2026-03-23T03:48:20.848Z
agently.ts,"https://github.com/Maplemx/Agently",OK,"200",2026-03-23T03:48:20.899Z
clawdocs.ts,"https://github.com/clawdocs/clawdocs#readme",OK,"200",2026-03-23T03:48:20.899Z
clawdocs.ts,"https://github.com/clawdocs/clawdocs",OK,"200",2026-03-23T03:48:20.902Z
bedrockclaw.ts,"https://bedrockclaw.aws.amazon.com",ERROR,"ECONNRESET",2026-03-23T03:48:20.912Z
codesandbox-ai.ts,"https://codesandbox.io/ai",OK,"200",2026-03-23T03:48:20.939Z
agentscope.ts,"https://github.com/modelscope/agentscope",OK,"200",2026-03-23T03:48:20.941Z
bardeen.ts,"https://docs.bardeen.ai",ERROR,"ECONNRESET",2026-03-23T03:48:20.941Z
glmclaw.ts,"https://open.bigmodel.cn/docs/glmclaw",OK,"200",2026-03-23T03:48:20.949Z
clawhub.ts,"https://github.com/openclaw/clawhub",OK,"200",2026-03-23T03:48:20.957Z
smoldeveloper.ts,"https://smol.ai/docs",ERROR,"404",2026-03-23T03:48:21.000Z
automation-anywhere.ts,"https://docs.automationanywhere.com",OK,"200",2026-03-23T03:48:21.033Z
activepieces.ts,"https://www.activepieces.com/docs",OK,"200",2026-03-23T03:48:21.036Z
agentevals.ts,"https://github.com/langchain-ai/agent-evals",OK,"200",2026-03-23T03:48:21.036Z
clawgo.ts,"https://github.com/openclaw/clawgo",OK,"200",2026-03-23T03:48:21.040Z
clawjava.ts,"https://github.com/jobrunr/javaclaw",OK,"200",2026-03-23T03:48:21.043Z
clawpro.ts,"https://clawpro.ai",OK,"200",2026-03-23T03:48:21.102Z
starcoder.ts,"https://github.com/bigcode-project/starcoder",OK,"200",2026-03-23T03:48:21.103Z
robotframework.ts,"https://github.com/robotframework/robotframework",OK,"200",2026-03-23T03:48:21.102Z
clawrs.ts,"https://docs.openclaw.ai/clawrs",ERROR,"404",2026-03-23T03:48:21.104Z
babyagi.ts,"https://github.com/yoheinakajima/babyagi#readme",OK,"200",2026-03-23T03:48:21.135Z
cline.ts,"https://github.com/cline/cline",OK,"200",2026-03-23T03:48:21.139Z
babyagi.ts,"https://github.com/yoheinakajima/babyagi",OK,"200",2026-03-23T03:48:21.148Z
hunyuanclaw.ts,"https://hunyuanclaw.tencent.com",ERROR,"ECONNRESET",2026-03-23T03:48:21.171Z
cursor-agent.ts,"https://cursor.com",OK,"200",2026-03-23T03:48:21.202Z
clawai.ts,"https://docs.openclaw.ai/clawai",ERROR,"404",2026-03-23T03:48:21.205Z
aider.ts,"https://github.com/paul-gauthier/aider",OK,"200",2026-03-23T03:48:21.236Z
crewai.ts,"https://docs.crewai.com",OK,"200",2026-03-23T03:48:21.239Z
openfang.ts,"https://github.com/RightNow-AI/openfang#readme",OK,"200",2026-03-23T03:48:21.239Z
clawjava.ts,"https://clawrunr.io",OK,"200",2026-03-23T03:48:21.242Z
continuedev.ts,"https://docs.continue.dev",OK,"200",2026-03-23T03:48:21.297Z
hunyuanclaw.ts,"https://cloud.tencent.com/docs/hunyuanclaw",ERROR,"404",2026-03-23T03:48:21.309Z
ufo.ts,"https://github.com/microsoft/UFO#readme",OK,"200",2026-03-23T03:48:21.352Z
codegeex.ts,"https://github.com/THUDM/CodeGeeX2",OK,"200",2026-03-23T03:48:21.397Z
codellama.ts,"https://github.com/facebookresearch/codellama#readme",OK,"200",2026-03-23T03:48:21.398Z
cloudflareclaw.ts,"https://cloudflareclaw.cloudflare.com",ERROR,"ECONNRESET",2026-03-23T03:48:21.412Z
clawlite.ts,"https://github.com/eobarretooo/ClawLite",OK,"200",2026-03-23T03:48:21.422Z
clawlite.ts,"https://github.com/eobarretooo/ClawLite#readme",OK,"200",2026-03-23T03:48:21.422Z
tabby.ts,"https://github.com/TabbyML/tabby",OK,"200",2026-03-23T03:48:21.431Z
codellama.ts,"https://github.com/facebookresearch/codellama",OK,"200",2026-03-23T03:48:21.433Z
clawjs.ts,"https://docs.openclaw.ai/clawjs",ERROR,"404",2026-03-23T03:48:21.434Z
agent-protocol.ts,"https://agentprotocol.ai",OK,"200",2026-03-23T03:48:21.436Z
dify.ts,"https://dify.ai",OK,"200",2026-03-23T03:48:21.436Z
devin.ts,"https://devin.ai",OK,"200",2026-03-23T03:48:21.437Z
kimiclaw.ts,"https://kimiclaw.moonshot.cn",ERROR,"ECONNRESET",2026-03-23T03:48:21.456Z
copilotcli.ts,"https://github.com/github/copilot-cli",OK,"200",2026-03-23T03:48:21.499Z
haystack.ts,"https://haystack.deepset.ai",OK,"200",2026-03-23T03:48:21.500Z
flowise.ts,"https://docs.flowiseai.com",OK,"200",2026-03-23T03:48:21.500Z
baichuanclaw.ts,"https://baichuanclaw.baichuan-ai.com",ERROR,"ECONNRESET",2026-03-23T03:48:21.505Z
clawpro.ts,"https://docs.clawpro.ai",ERROR,"ECONNRESET",2026-03-23T03:48:21.508Z
devon.ts,"https://github.com/entropy-research/Devon",OK,"200",2026-03-23T03:48:21.514Z
cognosys.ts,"https://docs.cognosys.ai",ERROR,"ECONNRESET",2026-03-23T03:48:21.517Z
yanxiclaw.ts,"https://yanxiclaw.jdcloud.com",ERROR,"ECONNRESET",2026-03-23T03:48:21.527Z
crewai.ts,"https://github.com/crewAIInc/crewAI",OK,"200",2026-03-23T03:48:21.533Z
copilotcli.ts,"https://github.com/features/copilot",OK,"200",2026-03-23T03:48:21.533Z
databricks.ts,"https://github.com/databricks",OK,"200",2026-03-23T03:48:21.537Z
devon.ts,"https://github.com/entropy-research/Devon#readme",OK,"200",2026-03-23T03:48:21.549Z
gpt4all.ts,"https://github.com/nomic-ai/gpt4all",OK,"200",2026-03-23T03:48:21.601Z
openhands.ts,"https://github.com/All-Hands-AI/OpenHands",OK,"200",2026-03-23T03:48:21.601Z
actiona.ts,"https://actiona.tools",OK,"200",2026-03-23T03:48:21.601Z
gpt-researcher.ts,"https://github.com/assafelovic/gpt-researcher",OK,"200",2026-03-23T03:48:21.601Z
salesforceclaw.ts,"https://salesforceclaw.salesforce.com",ERROR,"ECONNRESET",2026-03-23T03:48:21.604Z
brave-leo.ts,"https://support.brave.com/hc/leo",ERROR,"403",2026-03-23T03:48:21.611Z
kimiclaw.ts,"https://platform.moonshot.cn/docs/kimiclaw",ERROR,"404",2026-03-23T03:48:21.614Z
actiona.ts,"https://actiona.tools/docs",OK,"200",2026-03-23T03:48:21.633Z
gpt-researcher.ts,"https://docs.gptr.dev",OK,"200",2026-03-23T03:48:21.649Z
gpt-researcher.ts,"https://gptr.dev",OK,"200",2026-03-23T03:48:21.700Z
autogpt.ts,"https://docs.agpt.co",OK,"200",2026-03-23T03:48:21.736Z
dify.ts,"https://github.com/langgenius/dify",OK,"200",2026-03-23T03:48:21.738Z
ifttt.ts,"https://ifttt.com",OK,"200",2026-03-23T03:48:21.753Z
flowise.ts,"https://flowiseai.com",OK,"200",2026-03-23T03:48:21.798Z
blue-prism.ts,"https://docs.blueprism.com",OK,"200",2026-03-23T03:48:21.798Z
fastgpt.ts,"https://github.com/labring/FastGPT",OK,"200",2026-03-23T03:48:21.800Z
gpt-engineer.ts,"https://gptengineer.app",OK,"200",2026-03-23T03:48:21.812Z
digitaloceanclaw.ts,"https://digitaloceanclaw.digitalocean.com",ERROR,"ECONNRESET",2026-03-23T03:48:21.818Z
gpt4free.ts,"https://github.com/xtekky/gpt4free",OK,"200",2026-03-23T03:48:21.833Z
deepseekcoder.ts,"https://deepseek.com",OK,"200",2026-03-23T03:48:21.835Z
clawjava.ts,"https://docs.clawrunr.io",ERROR,"ECONNRESET",2026-03-23T03:48:21.842Z
deepseekcoder.ts,"https://deepseek.com/docs",OK,"200",2026-03-23T03:48:21.857Z
instructcode.ts,"https://github.com/instructlab/instructcode",ERROR,"404",2026-03-23T03:48:21.900Z
instructcode.ts,"https://github.com/instructlab/instructcode#readme",ERROR,"404",2026-03-23T03:48:21.900Z
digitaloceanclaw.ts,"https://docs.digitalocean.com/digitaloceanclaw",ERROR,"404",2026-03-23T03:48:21.913Z
danswer.ts,"https://github.com/danswer-ai/danswer",OK,"200",2026-03-23T03:48:21.916Z
gpt-engineer.ts,"https://github.com/gpt-engineer-org/gpt-engineer",OK,"200",2026-03-23T03:48:21.932Z
continuedev.ts,"https://github.com/continuedev/continue",OK,"200",2026-03-23T03:48:21.935Z
fauxpilot.ts,"https://github.com/fauxpilot/fauxpilot#readme",OK,"200",2026-03-23T03:48:21.998Z
fauxpilot.ts,"https://github.com/fauxpilot/fauxpilot",OK,"200",2026-03-23T03:48:21.998Z
gemini.ts,"https://gemini.google.com",OK,"200",2026-03-23T03:48:22.033Z
danswer.ts,"https://docs.danswer.ai",ERROR,"503",2026-03-23T03:48:22.033Z
deepseekcoder.ts,"https://github.com/deepseek-ai/DeepSeek-Coder",OK,"200",2026-03-23T03:48:22.040Z
langgraph.ts,"https://langchain-ai.github.io/langgraph/",OK,"200",2026-03-23T03:48:22.047Z
gumloop.ts,"https://docs.gumloop.com",OK,"200",2026-03-23T03:48:22.052Z
maxkb.ts,"https://maxkb.cn",OK,"200",2026-03-23T03:48:22.080Z
modelartsclaw.ts,"https://modelartsclaw.huaweicloud.com",ERROR,"ECONNRESET",2026-03-23T03:48:22.115Z
clawtrace.ts,"https://github.com/DosukaSOL/clawtrace",OK,"200",2026-03-23T03:48:22.130Z
clawtrace.ts,"https://github.com/DosukaSOL/clawtrace#readme",OK,"200",2026-03-23T03:48:22.132Z
flowise.ts,"https://github.com/FlowiseAI/Flowise",OK,"200",2026-03-23T03:48:22.140Z
komo.ts,"https://komo.ai",ERROR,"429",2026-03-23T03:48:22.140Z
gpt-engineer.ts,"https://docs.gptengineer.app",ERROR,"ECONNRESET",2026-03-23T03:48:22.140Z
localgpt.ts,"https://github.com/PromtEngineer/localGPT",OK,"200",2026-03-23T03:48:22.215Z
jan.ts,"https://github.com/janhq/jan",OK,"200",2026-03-23T03:48:22.235Z
copilot.ts,"https://support.microsoft.com/copilot",OK,"200",2026-03-23T03:48:22.250Z
langflow.ts,"https://docs.langflow.org",OK,"200",2026-03-23T03:48:22.252Z
gcpclaw.ts,"https://gcpclaw.cloud.google.com",ERROR,"ECONNRESET",2026-03-23T03:48:22.307Z
llamaindex.ts,"https://github.com/run-llama/llama_index",OK,"200",2026-03-23T03:48:22.332Z
haystack.ts,"https://docs.haystack.deepset.ai",OK,"200",2026-03-23T03:48:22.334Z
khoj.ts,"https://khoj.dev",OK,"200",2026-03-23T03:48:22.334Z
langgraph.ts,"https://github.com/langchain-ai/langgraph",OK,"200",2026-03-23T03:48:22.398Z
langflow.ts,"https://github.com/langflow-ai/langflow",OK,"200",2026-03-23T03:48:22.399Z
camel.ts,"https://camel-ai.org",OK,"200",2026-03-23T03:48:22.400Z
flyclaw.ts,"https://docs.fly.io/flyclaw",ERROR,"ECONNRESET",2026-03-23T03:48:22.404Z
codesandbox-ai.ts,"https://codesandbox.io/docs",OK,"200",2026-03-23T03:48:22.434Z
guiagent.ts,"https://github.com/showlab/Awesome-GUI-Agent",OK,"200",2026-03-23T03:48:22.435Z
khoj.ts,"https://docs.khoj.dev",OK,"200",2026-03-23T03:48:22.436Z
guiagent.ts,"https://github.com/showlab/Awesome-GUI-Agent#readme",OK,"200",2026-03-23T03:48:22.436Z
flyclaw.ts,"https://flyclaw.fly.io",ERROR,"ECONNRESET",2026-03-23T03:48:22.436Z
librechat.ts,"https://github.com/danny-avila/LibreChat",OK,"200",2026-03-23T03:48:22.437Z
vercelclaw.ts,"https://vercelclaw.vercel.com",ERROR,"404",2026-03-23T03:48:22.496Z
herokuclaw.ts,"https://devcenter.heroku.com/herokuclaw",ERROR,"404",2026-03-23T03:48:22.510Z
codellama.ts,"https://about.fb.com/",ERROR,"400",2026-03-23T03:48:22.521Z
langchain.ts,"https://github.com/langchain-ai/langchain",OK,"200",2026-03-23T03:48:22.532Z
langserve.ts,"https://github.com/langchain-ai/langserve",OK,"200",2026-03-23T03:48:22.532Z
bardeen.ts,"https://bardeen.ai",OK,"200",2026-03-23T03:48:22.534Z
gpt4all.ts,"https://docs.gpt4all.io",OK,"200",2026-03-23T03:48:22.538Z
ibmclaw.ts,"https://ibmclaw.ibm.com",ERROR,"ECONNRESET",2026-03-23T03:48:22.606Z
ibmclaw.ts,"https://docs.ibm.com/ibmclaw",ERROR,"ECONNRESET",2026-03-23T03:48:22.607Z
openfang.ts,"https://github.com/RightNow-AI/openfang",OK,"200",2026-03-23T03:48:22.606Z
github-copilot-workspace.ts,"https://github.com/features/copilot/workspace",ERROR,"404",2026-03-23T03:48:22.637Z
agentgpt.ts,"https://docs.reworkd.ai",OK,"200",2026-03-23T03:48:22.638Z
manus.ts,"https://manus.im",OK,"200",2026-03-23T03:48:22.696Z
herokuclaw.ts,"https://herokuclaw.heroku.com",ERROR,"ECONNRESET",2026-03-23T03:48:22.705Z
openclaw.ts,"https://docs.openclaw.ai",OK,"200",2026-03-23T03:48:22.705Z
moltis.ts,"https://docs.moltis.org/",OK,"200",2026-03-23T03:48:22.705Z
tagui.ts,"https://tagui.readthedocs.io",OK,"200",2026-03-23T03:48:22.731Z
openwebui.ts,"https://github.com/open-webui/open-webui",OK,"200",2026-03-23T03:48:22.737Z
moltis.ts,"https://moltis.org/",OK,"200",2026-03-23T03:48:22.737Z
haystack.ts,"https://github.com/deepset-ai/haystack",OK,"200",2026-03-23T03:48:22.798Z
dobaoclaw.ts,"https://platform.doubao.com/docs/dobaoclaw",ERROR,"ECONNRESET",2026-03-23T03:48:22.799Z
metagpt.ts,"https://docs.deepwisdom.ai/main/zh/guide/get_started/introduction.html",OK,"200",2026-03-23T03:48:22.837Z
magical.ts,"https://help.magical.so",ERROR,"ECONNRESET",2026-03-23T03:48:22.842Z
danswer.ts,"https://danswer.ai",OK,"200",2026-03-23T03:48:22.843Z
miniage.ts,"https://github.com/teremterem/MiniAgents",OK,"200",2026-03-23T03:48:22.897Z
dobaoclaw.ts,"https://dobaoclaw.doubao.com",ERROR,"ECONNRESET",2026-03-23T03:48:22.901Z
camel.ts,"https://docs.camel-ai.org",OK,"200",2026-03-23T03:48:23.000Z
anthropic-computer-use.ts,"https://docs.anthropic.com",OK,"200",2026-03-23T03:48:23.012Z
gpt4all.ts,"https://gpt4all.io",OK,"200",2026-03-23T03:48:23.014Z
miniclaw.ts,"https://mimiclaw.io/",OK,"200",2026-03-23T03:48:23.032Z
khoj.ts,"https://github.com/khoj-ai/khoj",OK,"200",2026-03-23T03:48:23.041Z
fastgpt.ts,"https://fastgpt.in",OK,"200",2026-03-23T03:48:23.099Z
n8n.ts,"https://n8n.io",OK,"200",2026-03-23T03:48:23.101Z
modelartsclaw.ts,"https://support.huaweicloud.com/docs/modelartsclaw",ERROR,"404",2026-03-23T03:48:23.108Z
omniparser.ts,"https://github.com/microsoft/OmniParser",OK,"200",2026-03-23T03:48:23.217Z
miniclaw.ts,"https://github.com/memovai/mimiclaw",OK,"200",2026-03-23T03:48:23.217Z
memgpt.ts,"https://docs.memgpt.ai",ERROR,"ECONNRESET",2026-03-23T03:48:23.217Z
blue-prism.ts,"https://blueprism.com",OK,"200",2026-03-23T03:48:23.230Z
metagpt.ts,"https://github.com/geekan/MetaGPT",OK,"200",2026-03-23T03:48:23.243Z
openassistant.ts,"https://github.com/LAION-AI/Open-Assistant",OK,"200",2026-03-23T03:48:23.246Z
moltis.ts,"https://github.com/moltis-org/moltis",OK,"200",2026-03-23T03:48:23.250Z
maxkb.ts,"https://github.com/1Panel-dev/MaxKB",OK,"200",2026-03-23T03:48:23.250Z
omniparser.ts,"https://github.com/microsoft/OmniParser#readme",OK,"200",2026-03-23T03:48:23.251Z
openrpa.ts,"https://openrpa.openrpa.dk",OK,"200",2026-03-23T03:48:23.300Z
openrpa.ts,"https://docs.openrpa.dk",ERROR,"404",2026-03-23T03:48:23.321Z
tagui.ts,"https://tagui.readthedocs.io/en/latest",OK,"200",2026-03-23T03:48:23.338Z
clawhub.ts,"https://docs.openclaw.ai/clawhub",OK,"200",2026-03-23T03:48:23.338Z
memgpt.ts,"https://github.com/cpacker/memgpt",OK,"200",2026-03-23T03:48:23.349Z
n8n.ts,"https://docs.n8n.io",OK,"200",2026-03-23T03:48:23.349Z
ollama.ts,"https://github.com/ollama/ollama",OK,"200",2026-03-23T03:48:23.379Z
n8n.ts,"https://github.com/n8n-io/n8n",OK,"200",2026-03-23T03:48:23.440Z
computeruse.ts,"https://docs.anthropic.com/claude/docs/computer-use",OK,"200",2026-03-23T03:48:23.444Z
picoclaw.ts,"https://picoclaw.io/",OK,"200",2026-03-23T03:48:23.466Z
openrpa.ts,"https://github.com/open-rpa/openrpa",OK,"200",2026-03-23T03:48:23.499Z
openassistant.ts,"https://docs.open-assistant.io",ERROR,"ECONNRESET",2026-03-23T03:48:23.512Z
maxclaw.ts,"https://api.minimax.ai/docs/maxclaw",ERROR,"ECONNRESET",2026-03-23T03:48:23.512Z
openinterpreter.ts,"https://github.com/openinterpreter/open-interpreter",OK,"200",2026-03-23T03:48:23.536Z
nutjs.ts,"https://github.com/nut-tree/nut.js",OK,"200",2026-03-23T03:48:23.536Z
openadapt.ts,"https://github.com/OpenAdaptAI/OpenAdapt",OK,"200",2026-03-23T03:48:23.536Z
jan.ts,"https://jan.ai",OK,"200",2026-03-23T03:48:23.603Z
picoclaw.ts,"https://github.com/sipeed/picoclaw",OK,"200",2026-03-23T03:48:23.608Z
nanobot.ts,"https://github.com/HKUDS/nanobot",OK,"200",2026-03-23T03:48:23.610Z
maxclaw.ts,"https://maxclaw.minimax.ai",ERROR,"ECONNRESET",2026-03-23T03:48:23.614Z
panguclaw.ts,"https://panguclaw.huaweicloud.com",ERROR,"ECONNRESET",2026-03-23T03:48:23.614Z
oracleclaw.ts,"https://oracleclaw.oracle.com",ERROR,"ECONNRESET",2026-03-23T03:48:23.633Z
cline.ts,"https://cline.ai",OK,"200",2026-03-23T03:48:23.634Z
miniclaw.ts,"https://docs.memovai.com/mimiclaw",ERROR,"ECONNRESET",2026-03-23T03:48:23.649Z
nanobot.ts,"https://github.com/HKUDS/nanobot#readme",OK,"200",2026-03-23T03:48:23.650Z
v0.ts,"https://v0.dev",OK,"200",2026-03-23T03:48:23.653Z
continuedev.ts,"https://continue.dev",OK,"200",2026-03-23T03:48:23.657Z
gumloop.ts,"https://gumloop.com",OK,"200",2026-03-23T03:48:23.697Z
llamaindex.ts,"https://docs.llamaindex.ai",OK,"200",2026-03-23T03:48:23.705Z
maxkb.ts,"https://maxkb.cn/docs",OK,"200",2026-03-23T03:48:23.712Z
ollama.ts,"https://ollama.com",OK,"200",2026-03-23T03:48:23.739Z
openadapt.ts,"https://openadapt.ai/docs",ERROR,"404",2026-03-23T03:48:23.839Z
databricks.ts,"https://databricks.com",OK,"200",2026-03-23T03:48:23.844Z
mutable-ai.ts,"https://mutable.ai",ERROR,"ECONNRESET",2026-03-23T03:48:23.849Z
mutable-ai.ts,"https://docs.mutable.ai",ERROR,"ECONNRESET",2026-03-23T03:48:23.915Z
openwebui.ts,"https://openwebui.com",OK,"200",2026-03-23T03:48:23.919Z
phind.ts,"https://phind.com",ERROR,"403",2026-03-23T03:48:23.919Z
openadapt.ts,"https://openadapt.ai",OK,"200",2026-03-23T03:48:23.933Z
devin.ts,"https://docs.devin.ai",OK,"200",2026-03-23T03:48:23.933Z
langserve.ts,"https://python.langchain.com/docs/langserve",OK,"200",2026-03-23T03:48:23.995Z
langchain.ts,"https://python.langchain.com/docs",OK,"200",2026-03-23T03:48:24.001Z
librechat.ts,"https://docs.librechat.ai",OK,"200",2026-03-23T03:48:24.015Z
llamaindex.ts,"https://llamaindex.ai",OK,"200",2026-03-23T03:48:24.066Z
wenxinclaw.ts,"https://cloud.baidu.com/docs/wenxinclaw",ERROR,"404",2026-03-23T03:48:24.078Z
gcpclaw.ts,"https://cloud.google.com/docs/gcpclaw",ERROR,"404",2026-03-23T03:48:24.164Z
openwebui.ts,"https://docs.openwebui.com",OK,"200",2026-03-23T03:48:24.217Z
langflow.ts,"https://langflow.org",OK,"200",2026-03-23T03:48:24.242Z
qwen-agent.ts,"https://qwen.readthedocs.io/zh-cn/latest/framework/qwen_agent.html",OK,"200",2026-03-23T03:48:24.301Z
computeruse.ts,"https://www.anthropic.com/claude/computer-use",ERROR,"404",2026-03-23T03:48:24.313Z
automation-anywhere.ts,"https://automationanywhere.com",OK,"200",2026-03-23T03:48:24.331Z
privategpt.ts,"https://privategpt.dev",OK,"200",2026-03-23T03:48:24.406Z
puppeteer.ts,"https://pptr.dev",OK,"200",2026-03-23T03:48:24.453Z
memgpt.ts,"https://memgpt.ai",OK,"200",2026-03-23T03:48:24.500Z
panguclaw.ts,"https://support.huaweicloud.com/docs/panguclaw",ERROR,"404",2026-03-23T03:48:24.534Z
jan.ts,"https://jan.ai/docs",OK,"200",2026-03-23T03:48:24.536Z
librechat.ts,"https://librechat.ai",OK,"200",2026-03-23T03:48:24.541Z
starcoder.ts,"https://bigcode-project.github.io",ERROR,"404",2026-03-23T03:48:24.599Z
qwen-agent.ts,"https://github.com/QwenLM/Qwen-Agent",OK,"200",2026-03-23T03:48:24.599Z
playwright.ts,"https://playwright.dev",OK,"200",2026-03-23T03:48:24.600Z
pearai.ts,"https://github.com/trypear/pearai-master",OK,"200",2026-03-23T03:48:24.600Z
poe.ts,"https://poe.com",ERROR,"403",2026-03-23T03:48:24.613Z
codacy.ts,"https://docs.codium.ai",OK,"200",2026-03-23T03:48:24.697Z
puppeteer.ts,"https://github.com/puppeteer/puppeteer",OK,"200",2026-03-23T03:48:24.701Z
pyautogui.ts,"https://pyautogui.readthedocs.io/en/latest",OK,"200",2026-03-23T03:48:24.706Z
pyautogui.ts,"https://github.com/asweigart/pyautogui",OK,"200",2026-03-23T03:48:24.731Z
langchain.ts,"https://langchain.com",OK,"200",2026-03-23T03:48:24.732Z
privategpt.ts,"https://github.com/zylon-ai/private-gpt",OK,"200",2026-03-23T03:48:24.734Z
azureclaw.ts,"https://docs.microsoft.com/azureclaw",ERROR,"404",2026-03-23T03:48:24.773Z
pyclaw.ts,"https://docs.openclaw.ai/pyclaw",ERROR,"404",2026-03-23T03:48:24.802Z
codacy.ts,"https://codium.ai",OK,"200",2026-03-23T03:48:24.803Z
claude-ai.ts,"https://claude.ai",OK,"200",2026-03-23T03:48:24.806Z
replit-agent.ts,"https://replit.com",OK,"200",2026-03-23T03:48:24.818Z
praisonai.ts,"https://github.com/mervinpraison/PraisonAI",OK,"200",2026-03-23T03:48:24.838Z
playwright.ts,"https://playwright.dev/docs/intro",OK,"200",2026-03-23T03:48:24.842Z
pi.ts,"https://pi.ai",ERROR,"403",2026-03-23T03:48:24.846Z
ifttt.ts,"https://help.ifttt.com",ERROR,"403",2026-03-23T03:48:24.848Z
nutjs.ts,"https://nutjs.dev",OK,"200",2026-03-23T03:48:24.896Z
mintlify.ts,"https://mintlify.com",OK,"200",2026-03-23T03:48:24.896Z
mintlify.ts,"https://mintlify.com/docs",OK,"200",2026-03-23T03:48:24.902Z
picoclaw.ts,"https://docs.picoclaw.io/",OK,"200",2026-03-23T03:48:24.902Z
stagehand.ts,"https://github.com/Browserbase/stagehand",OK,"200",2026-03-23T03:48:24.904Z
perplexica.ts,"https://github.com/ItzCrazyKns/Perplexica",OK,"200",2026-03-23T03:48:24.904Z
phidata.ts,"https://github.com/phidatahq/phidata",OK,"200",2026-03-23T03:48:24.918Z
pieces.ts,"https://pieces.app",OK,"200",2026-03-23T03:48:24.932Z
pieces.ts,"https://docs.pieces.app",OK,"200",2026-03-23T03:48:24.950Z
qianfanclaw.ts,"https://cloud.baidu.com/docs/qianfanclaw",ERROR,"404",2026-03-23T03:48:24.970Z
magical.ts,"https://magical.so",OK,"200",2026-03-23T03:48:24.997Z
puppeteer.ts,"https://pptr.dev/guides",OK,"200",2026-03-23T03:48:25.032Z
pearai.ts,"https://docs.trypear.ai",ERROR,"ECONNRESET",2026-03-23T03:48:25.046Z
playwright.ts,"https://github.com/microsoft/playwright",OK,"200",2026-03-23T03:48:25.101Z
railwayclaw.ts,"https://railwayclaw.railway.app",OK,"200",2026-03-23T03:48:25.128Z
praisonai.ts,"https://praison.ai",OK,"200",2026-03-23T03:48:25.128Z
nutjs.ts,"https://nutjs.dev/guides",ERROR,"404",2026-03-23T03:48:25.174Z
replit-agent.ts,"https://docs.replit.com/replitai/agent",OK,"200",2026-03-23T03:48:25.203Z
sparkclaw.ts,"https://sparkclaw.xfyun.cn",ERROR,"ECONNRESET",2026-03-23T03:48:25.285Z
perplexity.ts,"https://perplexity.ai",ERROR,"403",2026-03-23T03:48:25.308Z
jetbrains-ai.ts,"https://jetbrains.com/help/ai",OK,"200",2026-03-23T03:48:25.338Z
roocode.ts,"https://roo.dev",OK,"200",2026-03-23T03:48:25.340Z
pipedream.ts,"https://github.com/PipedreamHQ/pipedream",OK,"200",2026-03-23T03:48:25.342Z
plandex.ts,"https://github.com/plandex-ai/plandex",OK,"200",2026-03-23T03:48:25.342Z
robotgo.ts,"https://github.com/go-vgo/robotgo",OK,"200",2026-03-23T03:48:25.396Z
screenpilot.ts,"https://github.com/Mtehabsim/ScreenPilot#readme",OK,"200",2026-03-23T03:48:25.401Z
screenpilot.ts,"https://github.com/Mtehabsim/ScreenPilot",OK,"200",2026-03-23T03:48:25.402Z
rpapython.ts,"https://github.com/tebelorg/RPA-Python#readme",OK,"200",2026-03-23T03:48:25.417Z
rpapython.ts,"https://github.com/tebelorg/RPA-Python",OK,"200",2026-03-23T03:48:25.418Z
robotgo.ts,"https://github.com/go-vgo/robotgo#readme",OK,"200",2026-03-23T03:48:25.433Z
robocorp.ts,"https://github.com/robocorp/rcc",OK,"200",2026-03-23T03:48:25.433Z
refact.ts,"https://github.com/smallcloudai/refact",OK,"200",2026-03-23T03:48:25.436Z
sparkclaw.ts,"https://xinghuo.xfyun.cn/docs/sparkclaw",ERROR,"404",2026-03-23T03:48:25.462Z
pipedream.ts,"https://pipedream.com",OK,"200",2026-03-23T03:48:25.498Z
mongodbclaw.ts,"https://mongodbclaw.mongodb.com",OK,"200",2026-03-23T03:48:25.589Z
smoldeveloper.ts,"https://smol.ai",OK,"200",2026-03-23T03:48:25.629Z
robotframework.ts,"https://robotframework.org",OK,"200",2026-03-23T03:48:25.629Z
openinterpreter.ts,"https://docs.openinterpreter.com",OK,"200",2026-03-23T03:48:25.636Z
openhands.ts,"https://all-hands.dev",OK,"200",2026-03-23T03:48:25.638Z
roocode.ts,"https://docs.roo.dev",ERROR,"ECONNRESET",2026-03-23T03:48:25.645Z
power-automate.ts,"https://docs.microsoft.com/power-automate",OK,"200",2026-03-23T03:48:25.654Z
stepclaw.ts,"https://platform.stepfun.com/docs/stepclaw",ERROR,"404",2026-03-23T03:48:25.698Z
sikulix.ts,"https://sikulix.github.io",OK,"200",2026-03-23T03:48:25.703Z
glmclaw.ts,"https://glmclaw.zhipuai.cn",ERROR,"ECONNRESET",2026-03-23T03:48:25.731Z
tagui.ts,"https://github.com/aisingapore/TagUI",OK,"200",2026-03-23T03:48:25.736Z
selenium.ts,"https://www.selenium.dev",OK,"200",2026-03-23T03:48:25.803Z
renderclaw.ts,"https://renderclaw.render.com",ERROR,"ECONNRESET",2026-03-23T03:48:25.809Z
dify.ts,"https://docs.dify.ai",OK,"200",2026-03-23T03:48:25.830Z
pearai.ts,"https://trypear.ai",OK,"200",2026-03-23T03:48:25.884Z
yanxiclaw.ts,"https://docs.jdcloud.com/yanxiclaw",OK,"200",2026-03-23T03:48:25.911Z
refact.ts,"https://refact.ai",OK,"200",2026-03-23T03:48:25.934Z
sourcegraph-cody.ts,"https://sourcegraph.com/cody",OK,"200",2026-03-23T03:48:25.936Z
roocode.ts,"https://github.com/RooVetGit/Roo-Cline",OK,"200",2026-03-23T03:48:25.964Z
selenium.ts,"https://github.com/SeleniumHQ/selenium",OK,"200",2026-03-23T03:48:25.999Z
seeact.ts,"https://github.com/OSU-NLP-Group/SeeAct#readme",OK,"200",2026-03-23T03:48:26.110Z
seeact.ts,"https://github.com/OSU-NLP-Group/SeeAct",OK,"200",2026-03-23T03:48:26.140Z
skyvern.ts,"https://github.com/Skyvern-AI/skyvern",OK,"200",2026-03-23T03:48:26.198Z
copilotcli.ts,"https://docs.github.com/copilot",OK,"200",2026-03-23T03:48:26.205Z
fastgpt.ts,"https://doc.fastgpt.in",OK,"200",2026-03-23T03:48:26.207Z
databricks.ts,"https://docs.databricks.com",OK,"200",2026-03-23T03:48:26.216Z
ollama.ts,"https://ollama.com/docs",OK,"200",2026-03-23T03:48:26.228Z
starcoder.ts,"https://bigcode-project.github.io/docs",ERROR,"404",2026-03-23T03:48:26.229Z
sikulix.ts,"https://github.com/RaiMan/SikuliX1",OK,"200",2026-03-23T03:48:26.230Z
semantic-kernel.ts,"https://github.com/microsoft/semantic-kernel",OK,"200",2026-03-23T03:48:26.236Z
tongyiclaw.ts,"https://tongyiclaw.aliyun.com",ERROR,"ECONNRESET",2026-03-23T03:48:26.253Z
robotframework.ts,"https://robotframework.org/robotframework",OK,"200",2026-03-23T03:48:26.293Z
selenium.ts,"https://www.selenium.dev/documentation",OK,"200",2026-03-23T03:48:26.293Z
phidata.ts,"https://docs.phidata.com",OK,"200",2026-03-23T03:48:26.301Z
swarm.ts,"https://github.com/openai/swarm",OK,"200",2026-03-23T03:48:26.302Z
sweep.ts,"https://github.com/sweepai/sweep",OK,"200",2026-03-23T03:48:26.308Z
pyautogui.ts,"https://pyautogui.readthedocs.io",OK,"200",2026-03-23T03:48:26.330Z
stackblitz.ts,"https://developer.stackblitz.com",OK,"200",2026-03-23T03:48:26.332Z
sweep.ts,"https://sweep.dev",OK,"200",2026-03-23T03:48:26.335Z
ticlaw.ts,"https://ticlaw.tencent.com",ERROR,"ECONNRESET",2026-03-23T03:48:26.341Z
robotgo.ts,"https://robotn.io",ERROR,"ECONNRESET",2026-03-23T03:48:26.342Z
praisonai.ts,"https://docs.praison.ai",OK,"200",2026-03-23T03:48:26.408Z
privategpt.ts,"https://docs.privategpt.dev",OK,"200",2026-03-23T03:48:26.414Z
xinghuoclaw.ts,"https://xinghuoclaw.xfyun.cn",ERROR,"ECONNRESET",2026-03-23T03:48:26.418Z
smoldeveloper.ts,"https://github.com/smol-ai/developer",OK,"200",2026-03-23T03:48:26.431Z
perplexity.ts,"https://docs.perplexity.ai",OK,"200",2026-03-23T03:48:26.438Z
vercelclaw.ts,"https://vercel.com/docs/vercelclaw",ERROR,"404",2026-03-23T03:48:26.440Z
chatgpt.ts,"https://platform.openai.com/docs",OK,"200",2026-03-23T03:48:26.440Z
salesforceclaw.ts,"https://docs.salesforce.com/salesforceclaw",ERROR,"ECONNRESET",2026-03-23T03:48:26.447Z
jetbrains-ai.ts,"https://jetbrains.com/ai",OK,"200",2026-03-23T03:48:26.455Z
tongyiclaw.ts,"https://help.aliyun.com/tongyiclaw",OK,"200",2026-03-23T03:48:26.460Z
cursor-agent.ts,"https://docs.cursor.com",OK,"200",2026-03-23T03:48:26.483Z
ticlaw.ts,"https://cloud.tencent.com/docs/ticlaw",ERROR,"404",2026-03-23T03:48:26.515Z
superagi.ts,"https://superagi.com",OK,"200",2026-03-23T03:48:26.523Z
make.ts,"https://docs.make.com",OK,"200",2026-03-23T03:48:26.533Z
semantic-kernel.ts,"https://learn.microsoft.com/semantic-kernel",OK,"200",2026-03-23T03:48:26.568Z
power-automate.ts,"https://powerautomate.microsoft.com",OK,"200",2026-03-23T03:48:26.573Z
xinghuoclaw.ts,"https://xinghuo.xfyun.cn/docs/claw",ERROR,"404",2026-03-23T03:48:26.573Z
multion.ts,"https://docs.multion.ai",OK,"200",2026-03-23T03:48:26.575Z
sikulix.ts,"https://sikulix.github.io/docs",OK,"200",2026-03-23T03:48:26.594Z
sourcegraph-cody.ts,"https://docs.sourcegraph.com/cody",OK,"200",2026-03-23T03:48:26.632Z
sweep.ts,"https://sweep.dev/docs",OK,"200",2026-03-23T03:48:26.632Z
superagi.ts,"https://docs.superagi.com",OK,"200",2026-03-23T03:48:26.633Z
superagi.ts,"https://github.com/TransformerOptimus/SuperAGI",OK,"200",2026-03-23T03:48:26.640Z
stackblitz.ts,"https://stackblitz.com",OK,"200",2026-03-23T03:48:26.693Z
snowflakeclaw.ts,"https://snowflakeclaw.snowflake.com",ERROR,"ECONNRESET",2026-03-23T03:48:26.723Z
servicenowclaw.ts,"https://servicenowclaw.servicenow.com",ERROR,"ECONNRESET",2026-03-23T03:48:26.739Z
renderclaw.ts,"https://docs.render.com/renderclaw",ERROR,"404",2026-03-23T03:48:26.751Z
ufo.ts,"https://github.com/microsoft/UFO",OK,"200",2026-03-23T03:48:26.798Z
shengsuclaw.ts,"https://shengsuclaw.shengpai.com",ERROR,"ERR_SSL_TLSV1_UNRECOGNIZED_NAME",2026-03-23T03:48:26.800Z
mongodbclaw.ts,"https://docs.mongodb.com/mongodbclaw",ERROR,"404",2026-03-23T03:48:26.801Z
robocorp.ts,"https://robocorp.com/docs",OK,"200",2026-03-23T03:48:26.801Z
sapclaw.ts,"https://sapclaw.sap.com",ERROR,"ECONNRESET",2026-03-23T03:48:26.804Z
shengsuclaw.ts,"https://docs.shengpai.com/shengsuclaw",ERROR,"ERR_SSL_TLSV1_UNRECOGNIZED_NAME",2026-03-23T03:48:26.831Z
supabaseclaw.ts,"https://docs.supabase.com/supabaseclaw",OK,"200",2026-03-23T03:48:26.834Z
supabaseclaw.ts,"https://supabaseclaw.supabase.com",ERROR,"ECONNRESET",2026-03-23T03:48:26.933Z
skyvern.ts,"https://docs.skyvern.ai",ERROR,"ECONNRESET",2026-03-23T03:48:27.040Z
sensechatclaw.ts,"https://sensechatclaw.sensetime.com",ERROR,"ECONNRESET",2026-03-23T03:48:27.050Z
make.ts,"https://make.com",ERROR,"403",2026-03-23T03:48:27.058Z
stagehand.ts,"https://docs.stagehand.dev",OK,"200",2026-03-23T03:48:27.065Z
oracleclaw.ts,"https://docs.oracle.com/oracleclaw",ERROR,"404",2026-03-23T03:48:27.112Z
uivision.ts,"https://github.com/A9T9/RPA",OK,"200",2026-03-23T03:48:27.215Z
zapier.ts,"https://zapier.com",OK,"200",2026-03-23T03:48:27.222Z
uipath.ts,"https://docs.uipath.com",OK,"200",2026-03-23T03:48:27.229Z
sapclaw.ts,"https://docs.sap.com/sapclaw",ERROR,"ECONNRESET",2026-03-23T03:48:27.248Z
wizardcoder.ts,"https://github.com/nlpxucan/WizardLM#readme",OK,"200",2026-03-23T03:48:27.298Z
stepclaw.ts,"https://stepclaw.stepfun.com",ERROR,"ECONNRESET",2026-03-23T03:48:27.312Z
wizardcoder.ts,"https://github.com/nlpxucan/WizardLM",OK,"200",2026-03-23T03:48:27.332Z
uagents.ts,"https://github.com/fetchai/uAgents",OK,"200",2026-03-23T03:48:27.332Z
workato.ts,"https://docs.workato.com",OK,"200",2026-03-23T03:48:27.341Z
railwayclaw.ts,"https://docs.railway.app/railwayclaw",ERROR,"404",2026-03-23T03:48:27.344Z
zapier.ts,"https://docs.zapier.com",OK,"200",2026-03-23T03:48:27.391Z
taskweaver.ts,"https://github.com/microsoft/TaskWeaver",OK,"200",2026-03-23T03:48:27.398Z
xarm.ts,"https://github.com/xArm-Developer/xArm-CPLUS-SDK#readme",OK,"200",2026-03-23T03:48:27.410Z
xarm.ts,"https://github.com/xArm-Developer/xArm-CPLUS-SDK",OK,"200",2026-03-23T03:48:27.442Z
tabby.ts,"https://tabbyml.com",OK,"200",2026-03-23T03:48:27.529Z
pipedream.ts,"https://docs.pipedream.com",OK,"200",2026-03-23T03:48:27.534Z
robocorp.ts,"https://robocorp.com",OK,"200",2026-03-23T03:48:27.537Z
zeroclaw.ts,"https://github.com/zeroclaw-labs/zeroclaw",OK,"200",2026-03-23T03:48:27.553Z
snowflakeclaw.ts,"https://docs.snowflake.com/snowflakeclaw",ERROR,"404",2026-03-23T03:48:27.581Z
zeroclaw.ts,"https://github.com/zeroclaw-labs/zeroclaw#readme",OK,"200",2026-03-23T03:48:27.587Z
plandex.ts,"https://docs.plandex.ai",OK,"200",2026-03-23T03:48:27.587Z
openhands.ts,"https://docs.all-hands.dev",OK,"200",2026-03-23T03:48:27.657Z
uivision.ts,"https://uivision.com/docs",ERROR,"404",2026-03-23T03:48:27.666Z
workato.ts,"https://workato.com",OK,"200",2026-03-23T03:48:27.685Z
zapier-central.ts,"https://zapier.com/central",OK,"200",2026-03-23T03:48:27.724Z
tray.ts,"https://docs.tray.io",ERROR,"502",2026-03-23T03:48:27.789Z
youcom.ts,"https://you.com",OK,"200",2026-03-23T03:48:27.811Z
phidata.ts,"https://phidata.com",OK,"200",2026-03-23T03:48:27.845Z
taskweaver.ts,"https://microsoft.github.io/TaskWeaver",OK,"200",2026-03-23T03:48:27.886Z
tabby.ts,"https://tabbyml.com/docs",ERROR,"404",2026-03-23T03:48:27.937Z
workdayclaw.ts,"https://workdayclaw.workday.com",ERROR,"ECONNRESET",2026-03-23T03:48:28.036Z
v0.ts,"https://v0.dev/docs",OK,"200",2026-03-23T03:48:28.192Z
workdayclaw.ts,"https://docs.workday.com/workdayclaw",ERROR,"403",2026-03-23T03:48:28.296Z
windsurf.ts,"https://windsurf.ai",OK,"200",2026-03-23T03:48:28.338Z
tray.ts,"https://tray.io",OK,"200",2026-03-23T03:48:28.342Z
multion.ts,"https://multion.ai",OK,"200",2026-03-23T03:48:28.390Z
uipath.ts,"https://uipath.com",OK,"200",2026-03-23T03:48:28.454Z
zapier-central.ts,"https://docs.zapier.com/central",ERROR,"404",2026-03-23T03:48:28.556Z
youcom.ts,"https://documentation.you.com",OK,"200",2026-03-23T03:48:28.576Z
windsurf.ts,"https://docs.windsurf.ai",ERROR,"ECONNRESET",2026-03-23T03:48:28.760Z
xarm.ts,"https://www.ufactory.cc",OK,"200",2026-03-23T03:48:28.819Z
andi.ts,"https://andi.so",ERROR,"TIMEOUT",2026-03-23T03:48:28.903Z
uagents.ts,"https://fetch.ai",OK,"200",2026-03-23T03:48:28.920Z
gemini.ts,"https://ai.google.dev",ERROR,"TIMEOUT",2026-03-23T03:48:28.956Z
openassistant.ts,"https://open-assistant.io",ERROR,"TIMEOUT",2026-03-23T03:48:29.002Z
uagents.ts,"https://docs.fetch.ai",OK,"200",2026-03-23T03:48:29.009Z
refact.ts,"https://refact.ai/docs",ERROR,"TIMEOUT",2026-03-23T03:48:29.023Z
sensechatclaw.ts,"https://docs.sensetime.com/sensechatclaw",ERROR,"TIMEOUT",2026-03-23T03:48:29.033Z
servicenowclaw.ts,"https://docs.servicenow.com/servicenowclaw",ERROR,"TIMEOUT",2026-03-23T03:48:29.034Z
uivision.ts,"https://uivision.com",ERROR,"TIMEOUT",2026-03-23T03:48:29.060Z
